{"cameraMode":{"drawMode":0,"name":"Shaded","section":"Shading Mode"},"sceneLighting":false,"audioPlay":false,"sceneViewState":{"showFog":true,"showMaterialUpdate":false,"showSkybox":false,"showFlares":true,"showImageEffects":true,"showParticleSystems":true},"in2DMode":false,"pivot":{"x":-0.682950496673584,"y":0.7973995208740234,"z":-0.09764082729816437},"rotation":{"x":-0.0010452710557729006,"y":0.7170207500457764,"z":-0.0010756890987977386,"w":-0.6970909833908081},"size":1.5536503791809083,"orthographic":true}