{"cameraMode":{"drawMode":0,"name":"Shaded","section":"Shading Mode"},"sceneLighting":false,"audioPlay":false,"sceneViewState":{"showFog":true,"showMaterialUpdate":false,"showSkybox":false,"showFlares":true,"showImageEffects":true,"showParticleSystems":true},"in2DMode":false,"pivot":{"x":0.0076323747634887699,"y":0.7880209684371948,"z":0.018109560012817384},"rotation":{"x":0.2928415536880493,"y":-0.29823943972587588,"z":0.0966867133975029,"w":0.9032993912696838},"size":10.0,"orthographic":true}