{"cameraMode":{"drawMode":0,"name":"Shaded","section":"Shading Mode"},"sceneLighting":false,"audioPlay":false,"sceneViewState":{"showFog":true,"showMaterialUpdate":false,"showSkybox":false,"showFlares":true,"showImageEffects":true,"showParticleSystems":true},"in2DMode":false,"pivot":{"x":-0.007928729057312012,"y":1.0146024227142335,"z":-0.003298342227935791},"rotation":{"x":0.2928415536880493,"y":-0.29823943972587588,"z":0.0966867133975029,"w":0.9032993912696838},"size":10.0,"orthographic":true}