{"cameraMode":{"drawMode":0,"name":"Shaded","section":"Shading Mode"},"sceneLighting":false,"audioPlay":false,"sceneViewState":{"showFog":true,"showMaterialUpdate":false,"showSkybox":false,"showFlares":true,"showImageEffects":true,"showParticleSystems":true},"in2DMode":false,"pivot":{"x":0.00670623779296875,"y":0.6544961333274841,"z":-0.00759124755859375},"rotation":{"x":0.2733536660671234,"y":-0.1798880696296692,"z":0.05211734399199486,"w":0.9435073733329773},"size":21.04844093322754,"orthographic":false}