{"cameraMode":{"drawMode":0,"name":"Shaded","section":"Shading Mode"},"sceneLighting":true,"audioPlay":false,"sceneViewState":{"showFog":true,"showMaterialUpdate":false,"showSkybox":true,"showFlares":true,"showImageEffects":true,"showParticleSystems":true},"in2DMode":false,"pivot":{"x":-20.515504837036134,"y":14.992382049560547,"z":40.652732849121097},"rotation":{"x":0.18991728127002717,"y":-0.6681204438209534,"z":0.1823136806488037,"w":0.6959441304206848},"size":16.425600051879884,"orthographic":true}