{"cameraMode":{"drawMode":0,"name":"Shaded","section":"Shading Mode"},"sceneLighting":false,"audioPlay":false,"sceneViewState":{"showFog":true,"showMaterialUpdate":false,"showSkybox":false,"showFlares":true,"showImageEffects":true,"showParticleSystems":true},"in2DMode":false,"pivot":{"x":0.0,"y":-0.571975827217102,"z":-0.45717740058898928},"rotation":{"x":0.12097907066345215,"y":-0.8182691335678101,"z":0.18676182627677918,"w":0.5300379991531372},"size":4.138503074645996,"orthographic":true}