{"cameraMode":{"drawMode":0,"name":"Shaded","section":"Shading Mode"},"sceneLighting":false,"audioPlay":false,"sceneViewState":{"showFog":true,"showMaterialUpdate":false,"showSkybox":false,"showFlares":true,"showImageEffects":true,"showParticleSystems":true},"in2DMode":false,"pivot":{"x":-0.018456220626831056,"y":2.092120885848999,"z":-0.003755807876586914},"rotation":{"x":0.34815165400505068,"y":0.10375262051820755,"z":-0.03880874440073967,"w":0.9308772683143616},"size":2.4220783710479738,"orthographic":true}