{"cameraMode":{"drawMode":0,"name":"Shaded","section":"Shading Mode"},"sceneLighting":false,"audioPlay":false,"sceneViewState":{"showFog":true,"showMaterialUpdate":false,"showSkybox":false,"showFlares":true,"showImageEffects":true,"showParticleSystems":true},"in2DMode":false,"pivot":{"x":0.0,"y":25.050003051757814,"z":0.01999664306640625},"rotation":{"x":-0.044235873967409137,"y":0.6026687026023865,"z":-0.03347237780690193,"w":-0.796085000038147},"size":43.62925338745117,"orthographic":true}