{"cameraMode":{"drawMode":0,"name":"Shaded","section":"Shading Mode"},"sceneLighting":false,"audioPlay":false,"sceneViewState":{"showFog":true,"showMaterialUpdate":false,"showSkybox":false,"showFlares":true,"showImageEffects":true,"showParticleSystems":true},"in2DMode":false,"pivot":{"x":-0.058645009994506839,"y":0.6127371191978455,"z":0.1212138757109642},"rotation":{"x":0.019114257767796518,"y":-0.728135883808136,"z":0.02031647227704525,"w":0.6848804354667664},"size":1.4596675634384156,"orthographic":true}